index,Vehicle_ID,Frame_ID,Local_X,Local_Y,v_Vel,v_Acc,Lane_ID,Preceding,Following,Location,ego_X,ego_Y,dist_to_ego,dist_to_ego,dx,dy,theta,v_Vel_x,v_Vel_y,v_Acc_x,v_Acc_y,ego_v_Vel_x,ego_v_Vel_y,ego_v_Acc_x,ego_v_Acc_y,v_Vel_x_rel,v_Vel_y_rel,v_Acc_x_rel,v_Acc_y_rel
1921239,8,129,39.973,441.395,35.38,-4.61,4,5,21,us-101,38.88,369.31,72.09328591484784,72.09328591484784,0.07399999999999807,3.494000000000028,1.5496203283487426,0.7491508326962193,35.372067695144295,-0.0976140570584955,-4.608966423816145,0.9284827740808549,42.869946579605575,0.03139692216458114,1.4496600405883413,-0.1793319413846356,-7.497878884461279,-0.12901097922307664,-6.058626464404487
7935299,8,130,40.047,444.889,35.06,-1.55,4,5,21,us-101,38.973,373.604,71.29309013501943,71.29309013501943,0.07500000000000284,3.48599999999999,1.5492850154838655,0.7541284109660432,35.0518885417002,-0.033339961123712694,-1.5496413930301,0.9220514788580815,42.910094629007006,0.02105336554708574,0.9797738289009054,-0.16792306789203826,-7.8582060873068045,-0.054393326670798436,-2.5294152219310053
4712809,8,131,40.122,448.375,34.96,0.09,4,5,21,us-101,39.066,377.932,70.45091472081819,70.45091472081819,0.07500000000000284,3.4950000000000045,1.5493403923975428,0.7500419155844078,34.95195326623201,0.0019308859382893792,0.08997928472428149,1.2948588275787225,42.72038085757946,-0.12603211798613678,-4.1580904157119924,-0.5448169119943147,-7.7684275913474465,0.12796300392442617,4.2480697004362735
16142,8,132,40.197,451.87,34.98,0.25,4,5,21,us-101,39.196,382.221,69.65619284744179,69.65619284744179,0.07499999999999574,3.5020000000000095,1.5493832666375729,0.7489716049378853,34.97198080656851,0.005352855952958014,0.24994268729680186,0.9288195408512715,42.09975527554207,-0.20226253121838422,-9.167769078050839,-0.17984793591338621,-7.127774468973563,0.20761538717134223,9.41771176534764
5904837,8,133,40.272,455.372,34.98,-0.25,4,5,21,us-101,39.288,386.391,68.98801792340464,68.98801792340464,0.07500000000000284,3.4950000000000045,1.5493403923975428,0.750471001348472,34.971948662837406,-0.005363572050803831,-0.2499424575674486,0.46779919072217596,41.22734606929191,-0.10653976233037188,-9.389395575810116,0.28267181062629604,-6.255397406454506,0.10117619027956805,9.139453118242669
4211967,8,134,40.347,458.867,34.96,-0.12,4,5,21,us-101,39.334,390.445,68.42949841259984,68.42949841259984,0.07499999999999574,3.483000000000004,1.5492664929452744,0.7526248437361055,34.951897743106755,-0.0025833804704900646,-0.11997218904956553,0.8617256393722119,40.48082915309973,-0.12535351978025014,-5.888665935089093,-0.10910079563610642,-5.528931409992971,0.12277013930976008,5.768693746039528
5867815,8,135,40.422,462.35,35.08,1.97,4,5,21,us-101,39.419,394.438,67.91940630629809,67.91940630629809,0.07400000000000517,3.4909999999999854,1.5496021361456584,0.743436547220635,35.07212143712234,0.04174942981826257,1.969557560750599,0.8654134611603629,40.0706558411669,-0.042968382926874306,-1.9895360559860809,-0.12197691393972787,-4.998534404044555,0.08471781274513687,3.9590936167366797
5015089,8,136,40.496,465.841,35.51,6.23,4,5,21,us-101,39.505,398.42,67.42828280476968,67.42828280476968,0.03599999999999426,3.5509999999999877,1.5606586847982418,0.35998150123702577,35.508175302580206,0.06315642784304902,6.22967986863066,0.8600160231020607,39.95074432898601,0.0025826307000061883,0.11997220519215018,-0.5000345218650349,-4.442569026405806,0.06057379714304283,6.10970766343851
3786194,8,137,40.532,469.392,36.35,10.79,4,5,21,us-101,39.591,402.415,66.98361001021068,66.98361001021068,0.05700000000000216,3.6920000000000073,1.5553587666970945,0.5611330208943722,36.34566865161325,0.16656465737139686,10.788714298511882,0.8489586509172938,39.9609830861183,0.0057347719726712374,0.2699390901489102,-0.2878256300229216,-3.615314434505045,0.1608298853987256,10.518775208362973
8313392,8,138,40.589,473.084,37.49,11.2,4,5,21,us-101,39.676,406.416,66.67425134937776,66.67425134937776,0.1039999999999992,3.8070000000000164,1.543485021149953,1.0237735641701085,37.47601883457348,0.30584859745812787,11.195823178106775,0.8498080549809267,39.98096955139645,0.0,0.0,0.17396550918918174,-2.504950716822968,0.30584859745812787,11.195823178106775
8258704,8,139,40.693,476.891,38.64,10.76,4,5,21,us-101,39.761,410.415,66.48253304440196,66.48253304440196,0.125,3.9470000000000027,1.5391372857706795,1.2231010033028238,38.62063728028992,0.3405943787665213,10.754608103931664,0.8598012020315509,39.98075589446734,0.0,0.0,0.3632998012712729,-1.3601186141774235,0.3405943787665213,10.754608103931664
4369040,8,140,40.818,480.838,39.47,6.21,4,5,21,us-101,39.847,414.414,66.43109676198343,66.43109676198343,0.08600000000000563,4.0429999999999495,1.5495282009664078,0.8393896424803212,39.46107354125198,0.1320651046314364,6.208595558428548,0.8598012020315331,39.98075589446734,0.0,0.0,-0.020411559551211877,-0.5196823532153658,0.1320651046314364,6.208595558428548
3490073,8,141,40.904,484.881,39.57,-3.38,4,5,21,us-101,39.933,418.413,66.47509206462217,66.47509206462217,0.08499999999999375,3.9810000000000514,1.549448151250057,0.8446831429343488,39.56098343555229,-0.07215135261860245,-3.3792298208786136,0.8498080549809356,39.98096955139645,0.0,0.0,-0.005124912046586827,-0.4199861158441607,-0.07215135261860245,-3.3792298208786136
1008979,8,142,40.989,488.862,38.92,-10.14,4,5,21,us-101,40.018,422.412,66.45709398551826,66.45709398551826,0.08600000000000563,3.815999999999974,1.5482634534799695,0.8769052197844457,38.91011998485118,-0.22846400124908223,-10.13742591588877,0.8598012020315331,39.98075589446734,0.0,0.0,0.017104017752912593,-1.0706359096161648,-0.22846400124908223,-10.13742591588877
8560909,8,143,41.075,492.678,38.36,-5.09,4,5,21,us-101,40.104,426.411,66.27411357385324,66.27411357385324,0.134999999999998,3.752999999999986,1.5348406064742974,1.3789642626671608,38.33520650214743,-0.18297518500979792,-5.08671014327243,0.859586351058311,39.98076051434082,0.0,0.0,0.5193779116088497,-1.6455540121933936,-0.18297518500979792,-5.08671014327243
5238116,8,144,41.21,496.431,38.34,4.75,4,5,21,us-101,40.19,430.411,66.02787896033006,66.02787896033006,0.14499999999999602,3.8100000000000023,1.532756942235454,1.4580783060220255,38.31226445478664,0.1806435042672045,4.746563801779774,0.8598012020316042,39.98075589446734,0.0,0.0,0.5982771039904213,-1.6684914396807002,0.1806435042672045,4.746563801779774
2528076,8,145,41.355,500.241,38.88,9.97,4,5,21,us-101,40.276,434.41,65.83984205631113,65.83984205631113,0.1460000000000008,3.9630000000000223,1.5339722033400833,1.4313983688728358,38.85364202632217,0.3670535426353439,9.963241023725104,0.8498080549808648,39.98096955139645,0.0,0.0,0.581590313891971,-1.1273275250742785,0.3670535426353439,9.963241023725104
6007021,8,146,41.501,504.204,39.64,5.34,4,5,21,us-101,40.361,438.409,65.80487538929013,65.80487538929013,0.14500000000000313,4.0330000000000155,1.5348584218782053,1.4242719223287692,39.61440457070213,0.19186710558112077,5.33655197799065,0.8498080549809267,39.98096955139645,0.0,0.0,0.5744638673478425,-0.36656498069432075,0.19186710558112077,5.33655197799065
5756824,8,147,41.646,508.237,39.98,0.0,4,5,21,us-101,40.446,442.408,65.83993652032177,65.83993652032177,0.14499999999999602,3.9979999999999905,1.5345440822857157,1.4490472910531664,39.95373151469449,0.0,0.0,0.8598012020315509,39.98075589446734,0.0,0.0,0.5892460890216156,-0.02702437977285399,0.0,0.0
1389047,8,148,41.791,512.235,39.98,0.0,4,5,21,us-101,40.532,446.407,65.84003846444809,65.84003846444809,0.1460000000000008,3.9979999999999336,1.5342942880681163,1.4590274568450559,39.95336830456441,0.0,0.0,0.860016160409525,39.98075127112839,0.0,0.0,0.5990112964355309,-0.027382966563983757,0.0,0.0
3010471,8,149,41.937,516.233,39.98,0.0,4,5,21,us-101,40.618,450.405,65.84121311913987,65.84121311913987,0.1460000000000008,3.997000000000071,1.5342851638220087,1.4593920011495538,39.95335499037572,0.0,0.0,0.8498081509089541,39.99097180747986,0.002336972414999624,0.10997517247056961,0.6095838502405997,-0.03761681710413711,-0.002336972414999624,-0.10997517247056961
7077096,8,150,42.083,520.23,39.97,0.0,4,5,21,us-101,40.703,454.405,65.83946403943463,65.83946403943463,0.14500000000000313,3.9969999999999573,1.534535020369641,1.4490468147516289,39.94372495560045,0.0,0.0,1.1489514001026158,39.99349960531339,0.004020324819154367,0.13994226305283367,0.3000954146490131,-0.04977464971293699,-0.004020324819154367,-0.13994226305283367
1127845,8,151,42.228,524.227,39.97,0.0,4,5,21,us-101,40.818,458.408,65.83410104953204,65.83410104953204,0.14499999999999602,3.997000000000071,1.534535020369644,1.4490468147515134,39.94372495560045,0.0,0.0,0.4499715403705288,40.00746962271991,0.0,0.0,0.9990752743809846,-0.06374466711945814,0.0,0.0
7161716,8,152,42.373,528.224,39.97,0.0,4,5,21,us-101,40.863,462.409,65.83231976013003,65.83231976013003,0.1460000000000008,3.9979999999999336,1.5342942880681163,1.4586625175111778,39.9433749658189,0.0,0.0,-0.5400857869248543,40.006354587024816,0.001214889298256358,-0.08999179987083814,1.9987483044360321,-0.06297962120591905,-0.001214889298256358,0.08999179987083814
3541340,8,153,42.519,532.222,39.97,0.0,4,5,21,us-101,40.809,466.409,65.83521146772446,65.83521146772446,0.1460000000000008,3.9979999999999336,1.5342942880681163,1.4586625175111778,39.9433749658189,0.0,0.0,-0.5400857869248543,40.006354587024816,-0.0006749384990313101,0.04999544437268785,1.9987483044360321,-0.06297962120591905,0.0006749384990313101,-0.04999544437268785
1629337,18,129,50.837,335.897,39.19,5.25,5,14,31,us-101,38.88,369.31,35.48800386045968,35.48800386045968,0.006000000000000227,3.9890000000000327,1.5692921915541962,0.05894703785585658,39.18995566783315,0.00789670703606142,5.249994061141211,0.9284827740808549,42.869946579605575,0.03139692216458114,1.4496600405883413,-0.8695357362249984,-3.679990911772421,-0.02350021512851972,3.80033402055287
1862697,18,130,50.843,339.886,39.26,-1.62,5,14,31,us-101,38.973,373.604,35.74633441347515,35.74633441347515,-0.010000000000005116,3.961999999999989,1.5733202992242774,-0.09909105236853005,39.25987494839153,0.004088830994320395,-1.619994839948912,0.9220514788580815,42.910094629007006,0.02105336554708574,0.9797738289009054,-1.0211425312266116,-3.6502196806154785,-0.016964534552765344,-2.5997686688498174
6074447,18,131,50.833,343.848,38.43,-11.2,5,14,31,us-101,39.066,377.932,36.0580274696218,36.0580274696218,-0.009000000000000341,3.777999999999963,1.57317853509962,-0.0915481785624154,38.4298909565328,0.026680707777753124,-11.199968220483148,1.2948588275787225,42.72038085757946,-0.12603211798613678,-4.1580904157119924,-1.386407006141138,-4.290489901046655,0.1527128257638899,-7.041877804771156
4534681,18,132,50.824,347.626,37.27,-11.2,5,14,31,us-101,39.196,382.221,36.49690958149747,36.49690958149747,-0.007999999999995566,3.6070000000000277,1.5730142327783656,-0.08266128823389735,37.26990833247954,0.024840526649306416,-11.199972453012364,0.9288195408512715,42.09975527554207,-0.20226253121838422,-9.167769078050839,-1.011480829085169,-4.829846943062535,0.22710305786769064,-2.032203374961526
5307613,18,133,50.816,351.233,36.78,0.85,5,14,31,us-101,39.288,386.391,36.99972632331219,36.99972632331219,0.08599999999999852,3.6270000000000095,1.5470897128913623,0.871847590444801,36.76966523887641,0.02014873441756609,0.8497611596803953,0.46779919072217596,41.22734606929191,-0.10653976233037188,-9.389395575810116,0.404048399722625,-4.457680830415505,0.12668849674793797,10.239156735490512
2887670,18,134,50.902,354.86,37.36,11.2,5,14,31,us-101,39.334,390.445,37.418055120489605,37.418055120489605,0.08500000000000085,3.791999999999973,1.548384468162633,0.8372369449066334,37.35061758924587,0.250991803612267,11.197187285855295,0.8617256393722119,40.48082915309973,-0.12535351978025014,-5.888665935089093,-0.024488694465578553,-3.1302115638538552,0.37634532339251714,17.085853220944387
415094,18,135,50.987,358.652,38.68,11.2,5,14,31,us-101,39.419,394.438,37.609259764052794,37.609259764052794,0.08599999999999852,3.9710000000000036,1.5491426983980259,0.8374968952725799,38.67093222241233,0.24250168632504895,11.197374376706778,0.8654134611603629,40.0706558411669,-0.042968382926874306,-1.9895360559860809,-0.027916565887783018,-1.3997236187545639,0.28547006925192325,13.186910432692859
8572618,18,136,51.073,362.623,39.7,4.61,5,14,31,us-101,39.505,398.42,37.61972664706646,37.61972664706646,0.08500000000000085,4.03000000000003,1.5497076422120448,0.8371587227544733,39.6911723847119,0.09721163002262272,4.6089749293078555,0.8600160231020607,39.95074432898601,0.0025826307000061883,0.11997220519215018,-0.022857300347587373,-0.25957194427411423,0.09462899932261652,4.489002724115705
2818883,18,137,51.158,366.653,39.99,0.0,5,14,31,us-101,39.591,402.415,37.58611622660687,37.58611622660687,0.08599999999999852,3.998999999999967,1.5492942648086656,0.8598012020315509,39.98075589446734,0.0,0.0,0.8489586509172938,39.9609830861183,0.0057347719726712374,0.2699390901489102,0.010842551114257026,0.019772808349046045,-0.0057347719726712374,-0.2699390901489102
5567674,18,138,51.244,370.652,39.99,0.0,5,14,31,us-101,39.676,406.416,37.58832691142292,37.58832691142292,0.08599999999999852,3.9990000000000236,1.549294264808666,0.8598012020315331,39.98075589446734,0.0,0.0,0.8498080549809267,39.98096955139645,0.0,0.0,0.009993147050606388,-0.00021365692910535472,0.0,0.0
5380628,18,139,51.33,374.651,39.99,0.0,5,14,31,us-101,39.761,410.415,37.588634678583375,37.588634678583375,0.08599999999999852,4.0,1.5492996386680642,0.859586351058311,39.98076051434082,0.0,0.0,0.8598012020315509,39.98075589446734,0.0,0.0,-0.00021485097323981073,4.619873479327907e-06,0.0,0.0
447577,18,140,51.416,378.651,39.99,0.0,5,14,31,us-101,39.847,414.414,37.58768322203429,37.58768322203429,0.08500000000000085,3.998999999999967,1.549544213066857,0.8498080549809356,39.98096955139645,0.0,0.0,0.8598012020315331,39.98075589446734,0.0,0.0,-0.009993147050597506,0.00021365692910535472,0.0,0.0
6072921,18,141,51.501,382.65,39.99,0.0,5,14,31,us-101,39.933,418.413,37.587375447083325,37.587375447083325,0.08600000000000563,3.9990000000000236,1.5492942648086643,0.8598012020316042,39.98075589446734,0.0,0.0,0.8498080549809356,39.98096955139645,0.0,0.0,0.00999314705066856,-0.00021365692910535472,0.0,0.0
4298241,18,142,51.587,386.649,39.99,0.0,5,14,31,us-101,40.018,422.412,37.58768322203429,37.58768322203429,0.08599999999999852,3.9990000000000236,1.549294264808666,0.8598012020315331,39.98075589446734,0.0,0.0,0.8598012020315331,39.98075589446734,0.0,0.0,0.0,0.0,0.0,0.0
2644901,18,143,51.673,390.648,39.99,0.0,5,14,31,us-101,40.104,426.411,37.58768322203429,37.58768322203429,0.2560000000000002,11.995999999999981,1.5494591186785502,0.8532102080479668,39.98089709274772,0.0,0.0,0.859586351058311,39.98076051434082,0.0,0.0,-0.006376143010344282,0.00013657840689518252,0.0,0.0
6853219,18,146,51.929,402.644,40.0,0.16,5,14,31,us-101,40.361,438.409,37.58927837828227,37.58927837828227,0.16499999999999915,8.010999999999967,1.5502025590180204,0.8236924864145161,39.991518234343445,0.0032947699456580644,0.15996607293737378,0.8498080549809267,39.98096955139645,0.0,0.0,-0.02611556856641062,0.010548682946996735,0.0032947699456580644,0.15996607293737378
2008352,18,148,52.094,410.655,39.94,-1.13,5,14,31,us-101,40.532,446.407,37.57506284758551,37.57506284758551,0.26500000000000057,15.684000000000026,1.5539017344217978,0.6747379202143367,39.93430015336471,-0.019089981217881833,-1.129838737438711,0.860016160409525,39.98075127112839,0.0,0.0,-0.18527824019518835,-0.04645111776368083,-0.019089981217881833,-1.129838737438711
2242229,18,152,52.359,426.339,38.03,-4.96,5,14,31,us-101,40.863,462.409,37.85766654193044,37.85766654193044,0.26500000000000057,15.684000000000026,1.5539017344217978,0.6424707838195098,38.02457272990636,-0.08379319189441937,-4.959292157253104,-0.5400857869248543,40.006354587024816,0.001214889298256358,-0.08999179987083814,1.1825565707443642,-1.981781857118456,-0.08500808119267574,-4.869300357382266
3196675,20,129,27.487,283.701,44.08,4.26,3,9,47,us-101,38.88,369.31,86.36377325013073,86.36377325013073,-0.14999999999999858,4.432999999999993,1.6046205523137047,-1.4906875790565015,44.054786919716754,-0.14406372701408113,4.257563345689505,0.9284827740808549,42.869946579605575,0.03139692216458114,1.4496600405883413,-2.4191703531373565,1.1848403401111796,-0.17546064917866228,2.8079033051011635
3475937,20,130,27.337,288.134,44.5,3.84,3,9,47,us-101,38.973,373.604,86.25843376737139,86.25843376737139,-0.2530000000000001,4.471000000000004,1.627322937362687,-2.514094807530512,44.428924444541174,-0.21694660811049807,3.8338667385851255,0.9220514788580815,42.910094629007006,0.02105336554708574,0.9797738289009054,-3.436146286388593,1.5188298155341684,-0.2379999736575838,2.85409290968422
5077041,20,131,27.084,292.605,44.87,3.65,3,9,47,us-101,39.066,377.932,86.16417615807627,86.16417615807627,-0.2729999999999997,4.508999999999958,1.6312680826209494,-2.711714264062426,44.78798394379993,-0.22058740949025754,3.643328312789609,1.2948588275787225,42.72038085757946,-0.12603211798613678,-4.1580904157119924,-4.006573091641148,2.0676030862204726,-0.09455529150412076,7.801418728501601
6639008,20,132,26.811,297.114,45.2,3.03,3,9,47,us-101,39.196,382.221,86.00342826887777,86.00342826887777,-0.17599999999999838,4.555000000000007,1.6094159736241762,-1.7451741466333344,45.16629680633473,-0.11698844390042042,3.0277406929910224,0.9288195408512715,42.09975527554207,-0.20226253121838422,-9.167769078050839,-2.673993687484606,3.066541530792655,0.0852740873179638,12.195509771041861
203403,20,133,26.635,301.669,45.32,-0.04,3,9,47,us-101,39.288,386.391,85.66163489567548,85.66163489567548,-0.030000000000001137,4.562000000000012,1.5773722951344753,-0.2980207372358845,45.31902010900255,0.00026303683780748855,-0.03999913513592458,0.46779919072217596,41.22734606929191,-0.10653976233037188,-9.389395575810116,-0.7658199279580604,4.0916740397106395,0.10680279916817936,9.349396440674191
6231356,20,134,26.605,306.231,45.06,-4.8,3,9,47,us-101,39.334,390.445,85.17056555524331,85.17056555524331,0.022999999999999687,4.5,1.565685260189718,0.23030365852247728,45.059411450049716,-0.024533012891875074,-4.79993730493206,0.8617256393722119,40.48082915309973,-0.12535351978025014,-5.888665935089093,-0.6314219808497347,4.578582296949989,0.10082050688837507,1.088728630157033
122727,20,135,26.628,310.731,44.5,-7.33,3,9,47,us-101,39.419,394.438,84.6786367981913,84.6786367981913,-0.0470000000000006,4.399000000000001,1.581480166695687,-0.4754218310053449,44.49746031047843,0.07831105665773434,-7.329581664624874,0.8654134611603629,40.0706558411669,-0.042968382926874306,-1.9895360559860809,-1.3408352921657078,4.426804469311534,0.12127943958460866,-5.3400456086387935
3536485,20,136,26.581,315.13,43.97,-4.54,3,9,47,us-101,39.505,398.42,84.28673606208751,84.28673606208751,-0.009000000000000341,4.334000000000003,1.5728729274093836,-0.09130806339478559,43.969905194775656,0.009427760013926008,-4.539990211150363,0.8600160231020607,39.95074432898601,0.0025826307000061883,0.11997220519215018,-0.9513240864968463,4.019160865789644,0.00684512931391982,-4.6599624163425135
792376,20,137,26.572,319.464,43.83,1.68,3,9,47,us-101,39.591,402.415,83.96643830721894,83.96643830721894,-0.02499999999999858,4.3629999999999995,1.5765262663772184,-0.25114187763085405,43.829280484138685,-0.009626245822948546,1.6799724210210583,0.8489586509172938,39.9609830861183,0.0057347719726712374,0.2699390901489102,-1.1001005285481478,3.8682973980203883,-0.015361017795619783,1.410033330872148
3534721,20,138,26.547,323.827,44.14,5.54,3,9,47,us-101,39.676,406.416,83.62603399659702,83.62603399659702,0.003999999999997783,4.446000000000026,1.5698966419274305,0.03971208469257615,44.13998213581797,0.004984253493359127,5.539997757871127,0.8498080549809267,39.98096955139645,0.0,0.0,-0.8100959702883506,4.159012584421518,0.004984253493359127,5.539997757871127
3245084,20,139,26.551,328.273,44.61,4.58,3,9,47,us-101,39.761,410.415,83.19742943144337,83.19742943144337,-0.00999999999999801,4.501999999999953,1.5730175581484647,-0.09908904920056356,44.609889950103316,-0.010173231233772274,4.579988701445263,0.8598012020315509,39.98075589446734,0.0,0.0,-0.9588902512321145,4.629134055635973,-0.010173231233772274,4.579988701445263
6511782,20,140,26.541,332.775,44.93,1.67,3,9,47,us-101,39.847,414.414,82.71623756554696,82.71623756554696,-0.010999999999999233,4.51400000000001,1.573233185063905,-0.10948793366483481,44.92986659664573,-0.004069549281555177,1.6699950415401372,0.8598012020315331,39.98075589446734,0.0,0.0,-0.9692891356963679,4.9491107021783876,-0.004069549281555177,1.6699950415401372
6534192,20,141,26.53,337.289,45.03,-0.09,3,9,47,us-101,39.933,418.413,82.2237422220614,82.2237422220614,-0.011000000000002785,4.54200000000003,1.5732181626588189,-0.1090551623456726,45.029867943083794,0.00021796501468155746,-0.08999973606212618,0.8498080549809356,39.98096955139645,0.0,0.0,-0.9588632173266082,5.048898391687345,0.00021796501468155746,-0.08999973606212618
5026596,20,142,26.519,341.831,44.68,-5.73,3,9,47,us-101,40.018,422.412,81.70385891743422,81.70385891743422,-0.00999999999999801,4.461999999999989,1.5730374705101757,-0.10013421737417942,44.67988779236706,0.012841742738452285,-5.729985609898462,0.8598012020315331,39.98075589446734,0.0,0.0,-0.9599354194057125,4.6991318978997185,0.012841742738452285,-5.729985609898462
1508701,20,143,26.509,346.293,43.87,-10.26,3,9,47,us-101,40.104,426.411,81.26326321899705,81.26326321899705,-0.010000000000001563,4.308999999999969,1.5731170466945312,-0.10180989060996508,43.869881863827416,0.023810564797315744,-10.259972371161826,0.859586351058311,39.98076051434082,0.0,0.0,-0.9613962416682761,3.8891213494865937,0.023810564797315744,-10.259972371161826
4126813,20,144,26.499,350.602,43.31,-4.93,3,9,47,us-101,40.19,430.411,80.97481066356379,80.97481066356379,0.07900000000000063,4.249000000000024,1.5522058587211414,0.8051067955145409,43.30251612837084,-0.09164572851273808,-4.929148106969943,0.8598012020316042,39.98075589446734,0.0,0.0,-0.054694406517063254,3.321760233903497,-0.09164572851273808,-4.929148106969943
7846948,20,145,26.578,354.851,43.31,4.9,3,9,47,us-101,40.276,434.41,80.72960847793084,80.72960847793084,0.09600000000000009,4.307999999999993,1.5485158917658497,0.9648858054052678,43.29925051756124,0.10916509920308964,4.89878382673863,0.8498080549808648,39.98096955139645,0.0,0.0,0.11507775042440305,3.3182809661647923,0.10916509920308964,4.89878382673863
2009458,20,146,26.674,359.159,43.87,10.22,3,9,47,us-101,40.361,438.409,80.42323339060673,80.42323339060673,0.09700000000000131,4.463999999999999,1.5490703551082088,0.9530433981840285,43.85964669580887,0.22202196328791365,10.21758808368285,0.8498080549809267,39.98096955139645,0.0,0.0,0.10323534320310179,3.8786771444124213,0.22202196328791365,10.21758808368285
7415954,20,147,26.771,363.623,44.65,5.45,3,9,47,us-101,40.446,442.408,79.963003007641,79.963003007641,0.09600000000000009,4.536000000000001,1.5496354646816917,0.944761981755944,44.64000363796836,0.11531809183807155,5.448779839348882,0.8598012020315509,39.98075589446734,0.0,0.0,0.08496077972439309,4.65924774350102,0.11531809183807155,5.448779839348882
2116801,20,148,26.867,368.159,44.99,0.0,3,9,47,us-101,40.532,446.407,79.43224615356158,79.43224615356158,0.09600000000000009,4.499000000000024,1.5494614892868595,0.9597815241473379,44.97976122019664,0.0,0.0,0.860016160409525,39.98075127112839,0.0,0.0,0.09976536373781286,4.9990099490682525,0.0,0.0
4639799,20,149,26.963,372.658,44.99,0.0,3,9,47,us-101,40.618,450.405,78.93703208254028,78.93703208254028,0.09600000000000009,4.498999999999967,1.5494614892868592,0.9597815241473479,44.97976122019664,0.0,0.0,0.8498081509089541,39.99097180747986,0.002336972414999624,0.10997517247056961,0.10997337323839373,4.988789412716784,-0.002336972414999624,-0.10997517247056961
8053415,20,150,27.059,377.157,44.99,0.0,3,9,47,us-101,40.703,454.405,78.44368833755841,78.44368833755841,0.09699999999999775,4.499000000000024,1.5492393198850352,0.9697746270225748,44.97954687602781,0.0,0.0,1.1489514001026158,39.99349960531339,0.004020324819154367,0.13994226305283367,-0.17917677308004099,4.9860472707144226,-0.004020324819154367,-0.13994226305283367
118952,20,151,27.156,381.656,44.99,0.0,3,9,47,us-101,40.818,458.408,77.95844885578472,77.95844885578472,0.09500000000000242,4.498999999999967,1.549683660795166,0.9497882791484928,44.97997334619922,0.0,0.0,0.4499715403705288,40.00746962271991,0.0,0.0,0.49981673877796406,4.9725037234793135,0.0,0.0
4116940,20,152,27.251,386.155,44.99,0.0,3,9,47,us-101,40.863,462.409,77.45940265713391,77.45940265713391,0.09699999999999775,4.499000000000024,1.5492393198850352,0.9697746270225748,44.97954687602781,0.0,0.0,-0.5400857869248543,40.006354587024816,0.001214889298256358,-0.08999179987083814,1.509860413947429,4.973192289002995,-0.001214889298256358,0.08999179987083814
3748557,20,153,27.348,390.654,44.99,0.0,3,9,47,us-101,40.809,466.409,76.94165676666964,76.94165676666964,0.09699999999999775,4.499000000000024,1.5492393198850352,0.9697746270225748,44.97954687602781,0.0,0.0,-0.5400857869248543,40.006354587024816,-0.0006749384990313101,0.04999544437268785,1.509860413947429,4.973192289002995,0.0006749384990313101,-0.04999544437268785
7592103,21,129,38.88,369.31,42.88,1.45,4,8,25,us-101,38.88,369.31,0.0,0.0,0.09299999999999642,4.293999999999983,1.5491415846472607,0.9284827740808549,42.869946579605575,0.03139692216458114,1.4496600405883413,0.9284827740808549,42.869946579605575,0.03139692216458114,1.4496600405883413,0.0,0.0,0.0,0.0
4859710,21,130,38.973,373.604,42.92,0.98,4,8,25,us-101,38.973,373.604,0.0,0.0,0.09300000000000352,4.328000000000031,1.5493116479073246,0.9220514788580815,42.910094629007006,0.02105336554708574,0.9797738289009054,0.9220514788580815,42.910094629007006,0.02105336554708574,0.9797738289009054,0.0,0.0,0.0,0.0
1843833,21,131,39.066,377.932,42.74,-4.16,4,8,25,us-101,39.066,377.932,0.0,0.0,0.12999999999999545,4.288999999999987,1.5404955080692022,1.2948588275787225,42.72038085757946,-0.12603211798613678,-4.1580904157119924,1.2948588275787225,42.72038085757946,-0.12603211798613678,-4.1580904157119924,0.0,0.0,0.0,0.0
8467306,21,132,39.196,382.221,42.11,-9.17,4,8,25,us-101,39.196,382.221,0.0,0.0,0.09199999999999875,4.170000000000016,1.548737555226339,0.9288195408512715,42.09975527554207,-0.20226253121838422,-9.167769078050839,0.9288195408512715,42.09975527554207,-0.20226253121838422,-9.167769078050839,0.0,0.0,0.0,0.0
7148924,21,133,39.288,386.391,41.23,-9.39,4,8,25,us-101,39.288,386.391,0.0,0.0,0.04600000000000648,4.053999999999974,1.5594499957683619,0.46779919072217596,41.22734606929191,-0.10653976233037188,-9.389395575810116,0.46779919072217596,41.22734606929191,-0.10653976233037188,-9.389395575810116,0.0,0.0,0.0,0.0
6269797,21,134,39.334,390.445,40.49,-5.89,4,8,25,us-101,39.334,390.445,0.0,0.0,0.08499999999999375,3.992999999999995,1.5495122886478692,0.8617256393722119,40.48082915309973,-0.12535351978025014,-5.888665935089093,0.8617256393722119,40.48082915309973,-0.12535351978025014,-5.888665935089093,0.0,0.0,0.0,0.0
4297099,21,135,39.419,394.438,40.08,-1.99,4,8,25,us-101,39.419,394.438,0.0,0.0,0.08600000000000563,3.9820000000000277,1.5492024964323043,0.8654134611603629,40.0706558411669,-0.042968382926874306,-1.9895360559860809,0.8654134611603629,40.0706558411669,-0.042968382926874306,-1.9895360559860809,0.0,0.0,0.0,0.0
512214,21,136,39.505,398.42,39.96,0.12,4,8,25,us-101,39.505,398.42,0.0,0.0,0.08599999999999852,3.9950000000000045,1.549272742480599,0.8600160231020607,39.95074432898601,0.0025826307000061883,0.11997220519215018,0.8600160231020607,39.95074432898601,0.0025826307000061883,0.11997220519215018,0.0,0.0,0.0,0.0
925572,21,137,39.591,402.415,39.97,0.27,4,8,25,us-101,39.591,402.415,0.0,0.0,0.08500000000000085,4.000999999999976,1.5495548332718343,0.8489586509172938,39.9609830861183,0.0057347719726712374,0.2699390901489102,0.8489586509172938,39.9609830861183,0.0057347719726712374,0.2699390901489102,0.0,0.0,0.0,0.0
7978344,21,138,39.676,406.416,39.99,0.0,4,8,25,us-101,39.676,406.416,0.0,0.0,0.08500000000000085,3.9990000000000236,1.5495442130668573,0.8498080549809267,39.98096955139645,0.0,0.0,0.8498080549809267,39.98096955139645,0.0,0.0,0.0,0.0,0.0,0.0
7642803,21,139,39.761,410.415,39.99,0.0,4,8,25,us-101,39.761,410.415,0.0,0.0,0.08599999999999852,3.998999999999967,1.5492942648086656,0.8598012020315509,39.98075589446734,0.0,0.0,0.8598012020315509,39.98075589446734,0.0,0.0,0.0,0.0,0.0,0.0
8441219,21,140,39.847,414.414,39.99,0.0,4,8,25,us-101,39.847,414.414,0.0,0.0,0.08599999999999852,3.9990000000000236,1.549294264808666,0.8598012020315331,39.98075589446734,0.0,0.0,0.8598012020315331,39.98075589446734,0.0,0.0,0.0,0.0,0.0,0.0
2437155,21,141,39.933,418.413,39.99,0.0,4,8,25,us-101,39.933,418.413,0.0,0.0,0.08500000000000085,3.998999999999967,1.549544213066857,0.8498080549809356,39.98096955139645,0.0,0.0,0.8498080549809356,39.98096955139645,0.0,0.0,0.0,0.0,0.0,0.0
505198,21,142,40.018,422.412,39.99,0.0,4,8,25,us-101,40.018,422.412,0.0,0.0,0.08599999999999852,3.9990000000000236,1.549294264808666,0.8598012020315331,39.98075589446734,0.0,0.0,0.8598012020315331,39.98075589446734,0.0,0.0,0.0,0.0,0.0,0.0
5527858,21,143,40.104,426.411,39.99,0.0,4,8,25,us-101,40.104,426.411,0.0,0.0,0.08599999999999852,4.0,1.5492996386680642,0.859586351058311,39.98076051434082,0.0,0.0,0.859586351058311,39.98076051434082,0.0,0.0,0.0,0.0,0.0,0.0
4617534,21,144,40.19,430.411,39.99,0.0,4,8,25,us-101,40.19,430.411,0.0,0.0,0.08600000000000563,3.9990000000000236,1.5492942648086643,0.8598012020316042,39.98075589446734,0.0,0.0,0.8598012020316042,39.98075589446734,0.0,0.0,0.0,0.0,0.0,0.0
4199039,21,145,40.276,434.41,39.99,0.0,4,8,25,us-101,40.276,434.41,0.0,0.0,0.08499999999999375,3.998999999999967,1.5495442130668589,0.8498080549808648,39.98096955139645,0.0,0.0,0.8498080549808648,39.98096955139645,0.0,0.0,0.0,0.0,0.0,0.0
293062,21,146,40.361,438.409,39.99,0.0,4,8,25,us-101,40.361,438.409,0.0,0.0,0.08500000000000085,3.9990000000000236,1.5495442130668573,0.8498080549809267,39.98096955139645,0.0,0.0,0.8498080549809267,39.98096955139645,0.0,0.0,0.0,0.0,0.0,0.0
3698059,21,147,40.446,442.408,39.99,0.0,4,8,25,us-101,40.446,442.408,0.0,0.0,0.08599999999999852,3.998999999999967,1.5492942648086656,0.8598012020315509,39.98075589446734,0.0,0.0,0.8598012020315509,39.98075589446734,0.0,0.0,0.0,0.0,0.0,0.0
7283345,21,148,40.532,446.407,39.99,0.0,4,8,25,us-101,40.532,446.407,0.0,0.0,0.08600000000000563,3.9979999999999905,1.5492888882622349,0.860016160409525,39.98075127112839,0.0,0.0,0.860016160409525,39.98075127112839,0.0,0.0,0.0,0.0,0.0,0.0
7274087,21,149,40.618,450.405,40.0,0.11,4,8,25,us-101,40.618,450.405,0.0,0.0,0.08500000000000085,4.0,1.5495495244962723,0.8498081509089541,39.99097180747986,0.002336972414999624,0.10997517247056961,0.8498081509089541,39.99097180747986,0.002336972414999624,0.10997517247056961,0.0,0.0,0.0,0.0
6197624,21,150,40.703,454.405,40.01,0.14,4,8,25,us-101,40.703,454.405,0.0,0.0,0.11499999999999488,4.003000000000043,1.5420757726516205,1.1489514001026158,39.99349960531339,0.004020324819154367,0.13994226305283367,1.1489514001026158,39.99349960531339,0.004020324819154367,0.13994226305283367,0.0,0.0,0.0,0.0
5700934,21,151,40.818,458.408,40.01,0.0,4,8,25,us-101,40.818,458.408,0.0,0.0,0.045000000000001705,4.000999999999976,1.5595496128095503,0.4499715403705288,40.00746962271991,0.0,0.0,0.4499715403705288,40.00746962271991,0.0,0.0,0.0,0.0,0.0,0.0
5842623,21,152,40.863,462.409,40.01,-0.09,4,8,25,us-101,40.863,462.409,0.0,0.0,-0.054000000000002046,4.0,1.584295506759566,-0.5400857869248543,40.006354587024816,0.001214889298256358,-0.08999179987083814,-0.5400857869248543,40.006354587024816,0.001214889298256358,-0.08999179987083814,0.0,0.0,0.0,0.0
847290,21,153,40.809,466.409,40.01,0.05,4,8,25,us-101,40.809,466.409,0.0,0.0,-0.054000000000002046,4.0,1.584295506759566,-0.5400857869248543,40.006354587024816,-0.0006749384990313101,0.04999544437268785,-0.5400857869248543,40.006354587024816,-0.0006749384990313101,0.04999544437268785,0.0,0.0,0.0,0.0
2624646,25,129,39.896,269.577,44.13,-0.12,4,21,34,us-101,38.88,369.31,99.73817496325067,99.73817496325067,0.1700000000000017,4.379000000000019,1.5319941633660663,1.7119098191576643,44.09678292994935,-0.004655091282549733,-0.11990967486050126,0.9284827740808549,42.869946579605575,0.03139692216458114,1.4496600405883413,0.7834270450768094,1.226836350343774,-0.036052013447130875,-1.5695697154488426
8483010,25,130,40.066,273.956,44.36,4.97,4,21,34,us-101,38.973,373.604,99.65399416481003,99.65399416481003,0.11699999999999733,4.449999999999989,1.544510247828904,1.1659161855981144,44.34467543514283,0.1306267683143063,4.96828306836474,0.9220514788580815,42.910094629007006,0.02105336554708574,0.9797738289009054,0.2438647067400329,1.434580806135827,0.10957340276722057,3.9885092394638346
5731406,25,131,40.183,278.406,44.85,6.1,4,21,34,us-101,39.066,377.932,99.53226795868765,99.53226795868765,0.14800000000000324,4.534999999999968,1.5381728447170961,1.4629036462923317,44.826135377942904,0.1989679429739849,6.096754198560796,1.2948588275787225,42.72038085757946,-0.12603211798613678,-4.1580904157119924,0.1680448187136092,2.1057545203634476,0.3250000609601217,10.254844614272788
5876917,25,132,40.331,282.941,45.26,2.69,4,21,34,us-101,39.196,382.221,99.2864876254569,99.2864876254569,0.021999999999998465,4.564999999999998,1.565977086995874,0.2181179490006217,45.25947441763242,0.01296370487873779,2.6899687623382946,0.9288195408512715,42.09975527554207,-0.20226253121838422,-9.167769078050839,-0.7107015918506498,3.1597191420903457,0.21522623609712202,11.857737840389133
8184356,25,133,40.353,287.506,45.38,-0.89,4,21,34,us-101,39.288,386.391,98.89073490474226,98.89073490474226,-0.1700000000000017,4.535000000000025,1.6082650011348485,-1.6999306205154299,45.34814920022023,0.03333931803126339,-0.8893753368928162,0.46779919072217596,41.22734606929191,-0.10653976233037188,-9.389395575810116,-2.167729811237606,4.120803130928316,0.13987908036163527,8.5000202389173
6577061,25,134,40.183,292.041,45.35,-0.69,4,21,34,us-101,39.334,390.445,98.4076623896737,98.4076623896737,-0.2359999999999971,4.514999999999986,1.6230190113042233,-2.3672224150906023,45.288174593788746,0.03601727599586583,-0.6890593267853193,0.8617256393722119,40.48082915309973,-0.12535351978025014,-5.888665935089093,-3.228948054462814,4.807345440689019,0.16137079577611596,5.199606608303774
7443821,25,135,39.947,296.556,45.41,1.9,4,21,34,us-101,39.419,394.438,97.88342407169868,97.88342407169868,-0.17099999999999937,4.5470000000000255,1.6083858260463715,-1.7065372136406385,45.37792228318149,-0.07140323069626102,1.8986578361163804,0.8654134611603629,40.0706558411669,-0.042968382926874306,-1.9895360559860809,-2.5719506748010015,5.307266442014594,-0.028434847769386713,3.8881938921024615
8052213,25,136,39.776,301.103,45.57,2.23,4,21,34,us-101,39.505,398.42,97.31737732799833,97.31737732799833,-0.02200000000000557,4.5919999999999845,1.5755872309062842,-0.21832066517664195,45.56947702231349,-0.01068367529830835,2.229974407719093,0.8600160231020607,39.95074432898601,0.0025826307000061883,0.11997220519215018,-1.0783366882787027,5.61873269332748,-0.013266305998314538,2.110002202526943
8627562,25,137,39.754,305.695,45.56,-1.63,4,21,34,us-101,39.591,402.415,96.72013734998522,96.72013734998522,0.05799999999999983,4.579999999999984,1.5581332482363686,0.5769144404575005,45.55634719474765,-0.020640266416719177,-1.6298693135961075,0.8489586509172938,39.9609830861183,0.0057347719726712374,0.2699390901489102,-0.2720442104597933,5.595364108629354,-0.026375038389390416,-1.8998084037450178
5394626,25,138,39.812,310.275,45.17,-6.5,4,21,34,us-101,39.676,406.416,96.14109619200316,96.14109619200316,0.016000000000005343,4.498000000000047,1.5672392052927453,0.16067483941218164,45.16971422973562,-0.023121241004630963,-6.499958877424873,0.8498080549809267,39.98096955139645,0.0,0.0,-0.6891332155687451,5.1887446783391695,-0.023121241004630963,-6.499958877424873
5733307,25,139,39.828,314.773,44.49,-8.13,4,21,34,us-101,39.761,410.415,95.6420234677205,95.6420234677205,-0.03800000000000381,4.394999999999982,1.5794423002023537,-0.3846545645180795,44.48833713307338,0.07029088805421413,-8.129696131532627,0.8598012020315509,39.98075589446734,0.0,0.0,-1.2444557665496303,4.507581238606036,0.07029088805421413,-8.129696131532627
1920643,25,140,39.79,319.168,43.82,-5.75,4,21,34,us-101,39.847,414.414,95.24601705583281,95.24601705583281,-0.012000000000000455,4.3279999999999745,1.5735689629432192,-0.12149676035140643,43.81983156673727,0.01594263742630276,-5.749977898419427,0.8598012020315331,39.98075589446734,0.0,0.0,-0.9812979623829395,3.839075672269928,0.01594263742630276,-5.749977898419427
647597,25,141,39.778,323.496,43.42,-2.06,4,21,34,us-101,39.933,418.413,94.91712655785575,94.91712655785575,-0.00999999999999801,4.314999999999998,1.573113819749106,-0.10062545399895591,43.41988340055749,0.004774031212295006,-2.059994468105675,0.8498080549809356,39.98096955139645,0.0,0.0,-0.9504335089798915,3.4389138491610396,0.004774031212295006,-2.059994468105675
5708152,25,142,39.768,327.811,43.33,0.38,4,21,34,us-101,40.018,422.412,94.60133033419773,94.60133033419773,-0.00999999999999801,4.333000000000027,1.5731041925336098,-0.09999973368788469,43.32988460696915,-0.0008769882022016197,0.3799989880140383,0.8598012020315331,39.98075589446734,0.0,0.0,-0.9598009357194178,3.349128712501809,-0.0008769882022016197,0.3799989880140383
1610843,25,143,39.758,332.144,43.34,0.43,4,21,34,us-101,40.104,426.411,94.26763498147176,94.26763498147176,-0.010000000000005116,4.351999999999975,1.5730941168685488,-0.09958613415890336,43.33988558593439,-0.0009880488622133927,0.4299988648350666,0.859586351058311,39.98076051434082,0.0,0.0,-0.9591724852172144,3.359125071593567,-0.0009880488622133927,0.4299988648350666
1481349,25,144,39.748,336.496,43.24,-1.98,4,21,34,us-101,40.19,430.411,93.91604010497889,93.91604010497889,-0.00999999999999801,4.361000000000047,1.5730893748281674,-0.09915131006783025,43.239886320591914,0.0045402311270653075,-1.9799947945136909,0.8598012020316042,39.98075589446734,0.0,0.0,-0.9589525120994344,3.259130426124571,0.0045402311270653075,-1.9799947945136909
1979894,25,145,39.738,340.857,42.33,-11.2,4,21,34,us-101,40.276,434.41,93.55454693920547,93.55454693920547,0.027000000000001023,4.1089999999999804,1.5642254795292412,0.2781419632339789,42.329086182532784,-0.07359295979732018,-11.199758215080728,0.8498080549808648,39.98096955139645,0.0,0.0,-0.5716660917468859,2.3481166311363353,-0.07359295979732018,-11.199758215080728
3452998,25,146,39.765,344.966,40.49,-11.2,4,21,34,us-101,40.361,438.409,93.44490069019281,93.44490069019281,-0.03200000000000358,4.0020000000000095,1.5787921583895126,-0.3237477715284675,40.48870567677399,0.08955235962259411,-11.199641975299299,0.8498080549809267,39.98096955139645,0.0,0.0,-1.1735558265093942,0.5077361253775408,0.08955235962259411,-11.199641975299299
6589068,25,147,39.733,348.968,39.07,-11.2,4,21,34,us-101,40.446,442.408,93.4427202568504,93.4427202568504,0.015000000000000568,3.7439999999999714,1.5667899379743415,0.15652919247267633,39.06968644117718,-0.0448714347502937,-11.199910113672495,0.8598012020315509,39.98075589446734,0.0,0.0,-0.7032720095588745,-0.9110694532901604,-0.0448714347502937,-11.199910113672495
1853457,25,148,39.748,352.712,38.8,7.06,4,21,34,us-101,40.532,446.407,93.69828003223964,93.69828003223964,0.08800000000000097,3.891999999999996,1.5481896956534302,0.8770625786009464,38.790085862668796,0.15958922177635776,7.058196035836127,0.860016160409525,39.98075127112839,0.0,0.0,0.017046418191421386,-1.1906654084595942,0.15958922177635776,7.058196035836127
5525010,25,149,39.836,356.604,39.6,11.2,4,21,34,us-101,40.618,450.405,93.8042596314261,93.8042596314261,0.09000000000000341,4.0400000000000205,1.5485227831846542,0.8819593978222022,39.590177413350816,0.24944306201031982,11.197221894685079,0.8498081509089541,39.99097180747986,0.002336972414999624,0.10997517247056961,0.03215124691324811,-0.4007943941290435,0.2471060895953202,11.087246722214509
2613146,25,150,39.926,360.644,40.68,5.8,4,21,34,us-101,40.703,454.405,93.76421945497117,93.76421945497117,0.1039999999999992,4.185000000000002,1.5459507833420287,1.0106127247947971,40.66744474294497,0.14408932654399761,5.798209919102282,1.1489514001026158,39.99349960531339,0.004020324819154367,0.13994226305283367,-0.13833867530781863,0.6739451376315841,0.14006900172484324,5.658267656049449
6378601,25,151,40.03,364.829,40.84,-5.48,4,21,34,us-101,40.818,458.408,93.58231769410288,93.58231769410288,0.07099999999999795,4.052999999999997,1.5532802304229474,0.7153207961591125,40.83373502581637,-0.09598329977845094,-5.479159352141863,0.4499715403705288,40.00746962271991,0.0,0.0,0.2653492557885837,0.8262654030964569,-0.09598329977845094,-5.479159352141863
8474903,25,152,40.101,368.882,40.38,-4.5,4,21,34,us-101,40.863,462.409,93.53010410023073,93.53010410023073,0.08500000000000085,3.997000000000014,1.5495335822385061,0.8585249313050356,40.370872357955406,-0.09567514093295344,-4.498982803635446,-0.5400857869248543,40.006354587024816,0.001214889298256358,-0.08999179987083814,1.39861071822989,0.3645177709305898,-0.0968900302312098,-4.408991003764608
5819865,25,153,40.186,372.879,40.06,-1.67,4,21,34,us-101,40.809,466.409,93.53207486739507,93.53207486739507,0.08500000000000085,3.997000000000014,1.5495335822385061,0.8517213657275811,40.050944691919106,-0.0355061078573405,-1.6696225071269322,-0.5400857869248543,40.006354587024816,-0.0006749384990313101,0.04999544437268785,1.3918071526524354,0.04459010489429005,-0.03483116935830919,-1.71961795149962
4153903,31,144,52.093,329.303,40.84,3.48,5,18,35,us-101,40.19,430.411,101.80623297716109,101.80623297716109,-0.009000000000000341,4.107000000000028,1.5729877038568871,-0.08949576758321622,40.83990194047465,-0.007625986072223125,3.479991644291179,0.8598012020316042,39.98075589446734,0.0,0.0,-0.9492969696148204,0.8591460460073037,-0.007625986072223125,3.479991644291179
2073871,31,145,52.084,333.41,41.17,2.87,5,18,35,us-101,40.276,434.41,101.68789929976919,101.68789929976919,-0.019000000000005457,8.350999999999999,1.5730714994947002,-0.09366877923951575,41.16989344362936,-0.006529740014996605,2.8699925718536865,0.8498080549808648,39.98096955139645,0.0,0.0,-0.9434768342203805,1.1889238922329142,-0.006529740014996605,2.8699925718536865
2875295,31,147,52.065,341.761,40.56,-11.2,5,18,35,us-101,40.446,442.408,101.31544684795107,101.31544684795107,-0.01899999999999835,7.727999999999952,1.5732549139736225,-0.09972019550675541,40.559877414541184,0.027536148660642516,-11.199966149971923,0.8598012020315509,39.98075589446734,0.0,0.0,-0.9595213975383062,0.5791215200738407,0.027536148660642516,-11.199966149971923
4517425,31,149,52.046,349.489,37.08,-11.2,5,18,35,us-101,40.618,450.405,101.56100747826402,101.56100747826402,0.03999999999999915,3.54200000000003,1.5595037520662245,0.41871977145928235,37.07763576272075,-0.12647414887659014,-11.19928588302245,0.8498081509089541,39.99097180747986,0.002336972414999624,0.10997517247056961,-0.43108837944967177,-2.913336044759106,-0.12881112129158975,-11.30926105549302
1571189,31,150,52.086,353.031,36.76,7.94,5,18,35,us-101,40.703,454.405,102.0110805991192,102.0110805991192,0.08500000000000085,3.7130000000000223,1.547907784897966,0.8413093373683502,36.75037140763147,0.18171915502461103,7.937920265957397,1.1489514001026158,39.99349960531339,0.004020324819154367,0.13994226305283367,-0.30764206273426553,-3.2431281976819193,0.17769883020545665,7.797978002904563
7909068,31,151,52.171,356.744,37.75,11.2,5,18,35,us-101,40.818,458.408,102.29594080411987,102.29594080411987,0.17099999999999937,7.893999999999949,1.5491376923046214,0.8175495302461551,37.74114615066154,0.24255774142402478,11.197373162580377,0.4499715403705288,40.00746962271991,0.0,0.0,0.3675779898756263,-2.2663234720583674,0.24255774142402478,11.197373162580377
6387774,31,153,52.342,364.638,39.99,0.0,5,18,35,us-101,40.809,466.409,102.4223927176084,102.4223927176084,0.17099999999999937,7.893999999999949,1.5491376923046214,0.86606107853096,39.98062078317762,0.0,0.0,-0.5400857869248543,40.006354587024816,-0.0006749384990313101,0.04999544437268785,1.4061468654558142,-0.025733803847195702,0.0006749384990313101,-0.04999544437268785
